"","primer_seq","symbol","GC","TM","redundancy_score","chain","chrom","refStart","refEnd"
"1","GGTAGCACATACTACGCAGACTCC","IGHV3-38",54.17,63.07,1492.11170485098,"IGH","chr14",106410600,106410624
"2","GGTAGCACATACTACGCAGACTCC","IGHV3-23",54.17,63.07,1492.11170485098,"IGH","chr14",106268712,106268736
"3","GGTAGCACATACTACGCAGACTCC","IGHV3-66",54.17,63.07,1492.11170485098,"IGH","chr14",106675121,106675145
"4","GGTAGCACATACTACGCAGACTCC","IGHV3-53",54.17,63.07,1492.11170485098,"IGH","chr14",106592782,106592806
"5","GGTAGCACATACTACGCAGACTCC","IGHV3-64D",54.17,63.07,1492.11170485098,"IGH","chr14",106088228,106088252
"6","GGATCCAAAGATGCTTCGACCAATG","IGLV5-48",48,62.96,1126.25792283804,"IGL","chr22",22353328,22353353
"7","GGACAACAGAATAGACCACGTCTGT","IGHV3-22",48,63.04,590.089922495641,"IGH","chr14",106257866,106257891
"8","GGACAACAGAATAGACCACGTCTGT","IGHV3-71",48,63.04,590.089922495641,"IGH","chr14",106775261,106775286
"9","CCAATGCGACACAGGGTCAATATTC","TRAV31",48,62.95,509.338830686069,"TRA","chr14",22177744,22177769
"10","ACAACGCCAATAACTCACCGTATCT","IGHV3OR16-8",44,63.11,601.559449749307,"IGH","chr16",33009545,33009570
"11","GGAGCACAAATTACAACCCACTTCTC","IGHVII-30-21",46.15,62.96,1370.63306692653,"IGH","chr14",106354551,106354577
"12","TCTATTATGATGATCTGCTGCCCTCAG","IGLV1-36",44.44,62.73,5696.85084255293,"IGL","chr22",22432314,22432341
"13","GGGCTGCCCAAAGATCGGT","TRBV7-3",63.16,63.16,1159.48816649217,"TRB","chr7",142384725,142384744
"14","CAGAGACAATTCCAAGAACACGCTG","IGHV3-30",48,63.04,2095.04808391982,"IGH","chr14",106335138,106335163
"15","CAGAGACAATTCCAAGAACACGCTG","IGHV3-33",48,63.04,2095.04808391982,"IGH","chr14",106359849,106359874
"16","CAGAGACAATTCCAAGAACACGCTG","IGHV3-64",48,63.04,2095.04808391982,"IGH","chr14",106657781,106657806
"17","AGACTTAATGCCTCGCTGGATAAATCA","TRAV21",40.74,63.06,36.9810183742523,"TRA","chr14",22052957,22052984
"18","TGTCAGCACGGCGTGTCTT","IGHV7-34-1",57.89,62.94,0.288182541971133,"IGH","chr14",106377352,106377371
"19","GGTCAGTAAGCGGCCCTCAG","IGLV2-8",65,63.09,713.840864423165,"IGL","chr22",22823147,22823167
"20","AGGGCGCCAGTTCCATGAC","TRBV5-3",63.16,63.14,152.371600288529,"TRB","chr7",142389576,142389595
"21","ACACCCCTGATAACTTCCAATCCAG","TRBV15",48,62.87,641.335568981631,"TRB","chr7",142593361,142593386
"22","CAGTGGTAACACAAACTACGCACAG","IGHV1-58",48,62.97,1033.65509629367,"IGH","chr14",106622466,106622491
"23","CCTGATGTATCATTCTCCACTCTGAGG","TRBV12-1",48.15,62.88,988.717432702276,"TRB","chr7",142415583,142415610
"24","ATCTACAGCACAAACACTCGCTCT","IGLV8-61",45.83,62.88,1176.42351168045,"IGL","chr22",22099063,22099087
"25","GGGACGTACGGCCAGGATC","IGLV3-2",68.42,62.65,313.38563959014,"IGL","chr22",22873250,22873269
"26","GATTCACTTGCAGTAACGCCTGG","IGHV3OR16-6",52.17,62.77,2020.75026624825,"IGH","chr16",32915310,32915333
"27","GAGGGATCTACTCTGGCAATGGTAAG","IGHV1OR16-1",50,62.95,1375.94705956566,"IGH","chr16",32035177,32035203
"28","CAACAACGTTCCGATAGATGATTCAGG","TRBV12-3",44.44,62.82,0,"TRB","chr7",142560790,142560817
"29","CAACAACGTTCCGATAGATGATTCAGG","TRBV12-4",44.44,62.82,0,"TRB","chr7",142564104,142564131
"30","GCCACATACCGTAAAGAAACCACTTC","TRAV9-2",46.15,63,456.723500799608,"TRA","chr14",21941565,21941591
"31","CCTAAGTTGCTGATGTCCGTATACTCC","TRAV12-1",48.15,63.33,196.696782258866,"TRA","chr14",21841629,21841656
"32","TACTCCGTTGGTATTGGCCAGATC","TRBV30",50,62.78,364.979852255522,"TRB","chr7",142812701,142812725
"33","CTCTCTAGACCAAGAATCACCGTGTC","IGLV1-41",50,63.06,998.829986059498,"IGL","chr22",22404368,22404394
"34","GGTGAATTGACCTCAAATGGAAGACTG","TRAV35",44.44,62.91,409.920057085102,"TRA","chr14",22222355,22222382
"35","GATTCCCAGTCACTAGTTCTCAGTCTC","IGLVV-66",48.15,62.76,358.166031394344,"IGL","chr22",22061436,22061463
"36","GGCAGTGGGTCGGGCATT","IGKV2OR2-7",66.67,63.25,3841.28049553631,"IGK","chr2",97372735,97372753
"37","GGCAGTGGGTCGGGCATT","IGKV2OR2-7D",66.67,63.25,3841.28049553631,"IGK","chr2",97335752,97335770
"38","CAGAGTGATGCTCAACGAGACAAATC","TRBV7-4",46.15,62.81,1199.58770203152,"TRB","chr7",142455492,142455518
"39","TCTGTCAGCACGGCGGATC","IGHV7-56",63.16,62.86,384.907005210984,"IGH","chr14",106609816,106609835
"40","CTGGTTAAAGGCATCAACGGTTTTGA","TRAV8-4",42.31,63.13,529.626192559984,"TRA","chr14",21894911,21894937
"41","CTGGTTAAAGGCATCAACGGTTTTGA","TRAV8-2",42.31,63.13,529.626192559984,"TRA","chr14",21847102,21847128
"42","TCACCAGTTCCCTAACTATAGCTCTGA","TRBV5-6",44.44,62.99,717.824476754815,"TRB","chr7",142500445,142500472
"43","TCACCAGTTCCCTAACTATAGCTCTGA","TRBV5-7",44.44,62.99,717.824476754815,"TRB","chr7",142520467,142520494
"44","CAGTTGCCTAAGGATCGATTTTCTGC","TRBV11-2",46.15,63.1,395.469327311365,"TRB","chr7",142434278,142434304
"45","CAGTTGCCTAAGGATCGATTTTCTGC","TRBV11-1",46.15,63.1,395.469327311365,"TRB","chr7",142408020,142408046
"46","CAGTTGCCTAAGGATCGATTTTCTGC","TRBV11-3",46.15,63.1,395.469327311365,"TRB","chr7",142555202,142555228
"47","CTGACAGCTCTCGCTTATACCTTCAT","TRBV1",46.15,62.92,1181.87259094693,"TRB","chr7",142299378,142299404
"48","CCACCAGAAATAAAGTAGAGCCCCA","IGLVVI-22-1",48,62.87,1136.41322248586,"IGL","chr22",22700862,22700887
"49","CAGAAGGTCGCTACTCATTGAATTTCC","TRAV14DV4",44.44,62.78,37.3059262252324,"TRA","chr14",21924539,21924566
"50","AACACGGCCACCCTGACC","IGLV3-9",66.67,62.78,473.891384610577,"IGL","chr22",22819668,22819686
"51","AACACGGCCACCCTGACC","IGLV3-21",66.67,62.78,473.891384610577,"IGL","chr22",22713110,22713128
"52","CTCTAGAGAGAAGAAGGAGCGCTTC","TRBV28",52,62.73,1034.198270274,"TRB","chr7",142721070,142721095
"53","TGAAGGGTACAAAGTCTCTCGAAAAGA","TRBV27",40.74,62.57,595.553293543363,"TRB","chr7",142715756,142715783
"54","GCAACAGTGAGTTATCAGGGTTACTCT","IGHVIII-82",44.44,63.15,377.528264666948,"IGH","chr14",106879662,106879689
"55","AATTGTATCTGCTTGCCCCTAGAAGAT","IGHVII-28-1",40.74,62.82,1758.13699486771,"IGH","chr14",106329579,106329606
"56","CATTCCTTAGTCGGTCTAAAGGGTACA","TRAV1-2",44.44,62.51,17.354578679388,"TRA","chr14",21643495,21643522
"57","GGTAACAGCAATCGGCCCTCA","IGLV1-40",57.14,63.24,2096.54820055788,"IGL","chr22",22410136,22410157
"58","GGTAACAGCAATCGGCCCTCA","IGLV1-50",57.14,63.24,2096.54820055788,"IGL","chr22",22327670,22327691
"59","GCAGATTTTACTCAAGGACGGTTTTCT","TRDV3",40.74,62.64,392.416836316097,"TRD","chr14",22469129,22469156
"60","CCAGGGAAGTATGATACTTACGGAAGC","TRGV4",48.15,63.34,127.470368859511,"TRG","chr7",38353795,38353822
"61","CGCTGGCAATGGTAACACAAAATATTC","IGHV1OR15-3",40.74,62.55,1446.86935144842,"IGH","chr15",22178218,22178245
"62","CGCTGGCAATGGTAACACAAAATATTC","IGHV1-3",40.74,62.55,1446.86935144842,"IGH","chr14",106005208,106005235
"63","GTGAAACAATCTACGCACAGAAGTTCC","IGHV1-24",44.44,63.33,361.240331186741,"IGH","chr14",106276648,106276675
"64","CACCTCTGTCAGCACGGCA","IGHV7-4-1",63.16,63.02,597.835490430167,"IGH","chr14",106025203,106025222
"65","GTAGGACGCACTATGCAGACTCTG","IGHV3-35",54.17,63.3,462.723783940383,"IGH","chr14",106389495,106389519
"66","GTAGGACGCACTATGCAGACTCTG","IGHV3-19",54.17,63.3,462.723783940383,"IGH","chr14",106196803,106196827
"67","ATTGATAGCCATACGTCCAGATGTGAG","TRAV23DV6",44.44,63.14,482.511036882277,"TRA","chr14",22086818,22086845
"68","CCACAGAGGATTTCCCGCTCA","TRBV6-5",57.14,62.64,414.383021136534,"TRB","chr7",142451369,142451390
"69","CCACAGAGGATTTCCCGCTCA","TRBV6-6",57.14,62.64,414.383021136534,"TRB","chr7",142469934,142469955
"70","GTGGTGATACCGTACTCTACACAGAC","IGHV3-60",50,62.83,19.279220742406,"IGH","chr14",106631306,106631332
"71","GTGGTGATACCGTACTCTACACAGAC","IGHV3-62",50,62.83,19.279220742406,"IGH","chr14",106643239,106643265
"72","GGCAGCGGATATGGAAGAGATTTCA","IGKV1OR2-11",48,63.52,1155.03634212662,"IGK","chr2",97386270,97386295
"73","GGCAGCGGATATGGAAGAGATTTCA","IGKV1OR2-9",48,63.52,1708.04538077695,"IGK","chr2",97322209,97322234
"74","CCCTCAAGAGTCGAGTCACCATATC","IGHV4-4",52,62.75,1391.37338193819,"IGH","chr14",106012005,106012030
"75","CCCTCAAGAGTCGAGTCACCATATC","IGHV4-31",52,62.75,1391.37338193819,"IGH","chr14",106349366,106349391
"76","CCCTCAAGAGTCGAGTCACCATATC","IGHV4-34",52,62.75,1391.37338193819,"IGH","chr14",106373744,106373769
"77","CCCTCAAGAGTCGAGTCACCATATC","IGHV4OR15-8",52,62.75,1391.37338193819,"IGH","chr15",22185050,22185075
"78","ACAGTGGAAGATTAAGAGTCACGCTT","TRAV17",42.31,62.94,627.279833449147,"TRA","chr14",21998060,21998086
"79","GGGGACAACACTTAACATCACAATCTC","IGHVIII-5-2",44.44,62.7,107.69318707243,"IGH","chr14",106045654,106045681
"80","GTGTCCTCCCCACAGGTGC","IGHV1OR16-4",68.42,63.06,4906.98076193074,"IGH","chr16",33002447,33002466
"81","GTGTCCTCCCCACAGGTGC","IGHV1OR16-3",68.42,63.06,4906.98076193074,"IGH","chr16",32059198,32059217
"82","GTGTCCTCCCCACAGGTGC","IGHV1-12",68.42,63.06,5438.96110451433,"IGH","chr14",106122574,106122593
"83","CCCTCAAGAGTCGAGTCACCATATC","IGHV4-59",52,62.75,1391.37338193819,"IGH","chr14",106627332,106627357
"84","CCCTCAAGAGTCGAGTCACCATATC","IGHV4-61",52,62.75,1391.37338193819,"IGH","chr14",106639202,106639227
"85","CCCTCAAGAGTCGAGTCACCATATC","IGHV4-39",52,62.75,1391.37338193819,"IGH","chr14",106421792,106421817
"86","TTCACGACACTAACAAAGGAGAAGTCT","TRBV10-1",40.74,62.77,301.502441176842,"TRB","chr7",142400244,142400271
"87","GAATTCTCAGACAGGTTCAGGGGTAAT","IGKV2-36",44.44,62.97,1030.2524196798,"IGK","chr2",89295289,89295316
"88","GTAAGACAGGCTATGCACAGAAGTTTC","IGHV1OR16-2",44.44,62.73,1928.06741129553,"IGH","chr16",32978763,32978790
"89","CCAAAGCTCCTCATCAAGTATGCTTC","IGKV6D-41",46.15,62.63,1500.6794119742,"IGK","chr2",90070082,90070108
"90","CGATTCAGTGGCAGCGGGT","IGKV4-1",63.16,63.46,541.561924385865,"IGK","chr2",88886048,88886067
"91","CATGGCCACATATGAGCTGTCTCA","IGLV3-30",50,63.31,2540.83767652161,"IGL","chr22",22618909,22618933
"92","GTAGCACATACTATGCAGACTCTGTGA","IGHV3-43",44.44,62.8,1290.35591993407,"IGH","chr14",106470367,106470394
"93","TCGATTCTCAGGGCGCCAG","TRBV5-1",63.16,62.59,285.981029288482,"TRB","chr7",142321443,142321462
"94","CCAAGTCGCTTCTCACCTGAATG","TRBV4-1",52.17,62.23,1555.53007810884,"TRB","chr7",142313559,142313582
"95","CCAAGTCGCTTCTCACCTGAATG","TRBV4-2",52.17,62.23,1555.53007810884,"TRB","chr7",142345878,142345901
"96","CCATCTCCAGAGACAACGCCA","IGHV3-47",57.14,62.62,4197.71128906392,"IGH","chr14",106518648,106518669
"97","CTCCTGATTGATTTGGTTTCCAACAGG","IGKV2D-14",44.44,63.14,1330.47333103115,"IGK","chr2",90122400,90122427
"98","CTCCTGATTGATTTGGTTTCCAACAGG","IGKV2-14",44.44,63.14,1330.47333103115,"IGK","chr2",89078143,89078170
"99","AGTTCCAAATCGCTTCTCACCTAAATC","TRBV3-1",40.74,62.28,109.616361766926,"TRB","chr7",142308937,142308964
"100","CTTAACAAAGGCGAGACATCTTTCCAC","TRAV16",44.44,63.14,434.723721752277,"TRA","chr14",21990852,21990879
"101","TGATATACGAAGATAGTGAGCGGTACC","IGLV3-22",44.44,62.27,38.7590484466265,"IGL","chr22",22704670,22704697
"102","TGGCACAAACTATGCACAGAAGTTTC","IGHV1-2",42.31,63.12,2000.3232420112,"IGH","chr14",105986684,105986710
"103","TGGCACAAACTATGCACAGAAGTTTC","IGHV1OR15-1",42.31,63.12,2000.3232420112,"IGH","chr15",22160533,22160559
"104","ATGTTATGCACAATCTGTGAAGAGCAG","IGHV3-54",40.74,62.75,519.820272757136,"IGH","chr14",106601433,106601460
"105","AATCACTCCAGGAAAGTATGACACTGG","TRGV1",44.44,63.17,907.189756670771,"TRG","chr7",38367670,38367697
"106","CAAGGAAAGATTTTCAGCTAAGTGCCT","TRBV16",40.74,62.66,496.331459098701,"TRB","chr7",142598361,142598388
"107","CGATACAACATGACCTATGAACGGTTC","TRAV2",44.44,62.6,86.1721281591342,"TRA","chr14",21712748,21712775
"108","AACATTCTTGAACGATTCTCCGCAC","TRBV9",44,62.83,145.177538958437,"TRB","chr7",142392300,142392325
"109","GGTCGGGGACAGGGCTTAC","IGKV3-25",68.42,62.54,512.421557860849,"IGK","chr2",89192568,89192587
"110","CCTGCAAGACTTGTGGATACACCTA","IGHV1-67",48,62.84,1883.9805564436,"IGH","chr14",106680816,106680841
"111","AGTCAAGTGAGACTTCACGCACT","IGHV7-27",47.83,62.57,912.277449581331,"IGH","chr14",106318124,106318147
"112","CTTGGGTGTGCAGCCCGA","IGLV7-35",66.67,63.15,1822.45821780844,"IGL","chr22",22450587,22450605
"113","CGAGCAGATTCACCGTCTCCA","IGHV3-79",57.14,62.66,467.456053720193,"IGH","chr14",106867730,106867751
"114","ACTACCAAAATTCACTTCATGACCAGG","IGLVIV-64",40.74,62.19,1098.53280533953,"IGL","chr22",22075512,22075539
"115","AGGACGTTTGTGTATTTTCAGGTGTTC","IGHV3-63",40.74,62.79,882.6678452021,"IGH","chr14",106652525,106652552
"116","CCAAAGCTCCTCATCAAGTATGCTTC","IGKV6D-21",46.15,62.63,1500.6794119742,"IGK","chr2",90022029,90022055
"117","CCAAAGCTCCTCATCAAGTATGCTTC","IGKV6-21",46.15,62.63,2012.9527975855,"IGK","chr2",89159880,89159906
"118","ATGCTTCAGCCAATACAGGGATTTTAC","IGLV5-37",40.74,62.56,394.574896009069,"IGL","chr22",22427940,22427967
"119","CGGTTGATCTATTGCTCCTTTGATGTC","TRBV24OR9-2",44.44,62.83,568.463409708915,"TRB","chr9",33649449,33649476
"120","ATGCTGCGAAGACCCAACCT","IGKV2D-10",55,62.65,815.937698056011,"IGK","chr2",90180355,90180375
"121","TATGAGGTCAGTAATCGGCCCTCA","IGLV2-14",50,63.31,1364.41797567716,"IGL","chr22",22759064,22759088
"122","TATGAGGTCAGTAATCGGCCCTCA","IGLV2-18",50,63.31,1364.41797567716,"IGL","chr22",22734942,22734966
"123","TTGTACAGCCCAGCGGTTCA","IGHVIII-11-1",55,62.56,2290.85145010897,"IGH","chr14",106120412,106120432
"124","GAGGCTGAATTTAAGAAGAGCGAAACC","TRAV8-7",44.44,63.2,525.531588455076,"TRA","chr14",22132933,22132960
"125","CCATCTCCAGAGACAACGCCA","IGHV3-69-1",57.14,62.62,4197.71128906392,"IGH","chr14",106728232,106728253
"126","CCATCTCCAGAGACAACGCCA","IGHV3-7",57.14,62.62,4197.71128906392,"IGH","chr14",106062218,106062239
"127","CCATCTCCAGAGACAACGCCA","IGHV3-11",57.14,62.62,4197.71128906392,"IGH","chr14",106116704,106116725
"128","CCATCTCCAGAGACAACGCCA","IGHV3-20",57.14,62.62,4197.71128906392,"IGH","chr14",106211005,106211026
"129","CCATCTCCAGAGACAACGCCA","IGHV3-21",57.14,62.62,4197.71128906392,"IGH","chr14",106235131,106235152
"130","CCATCTCCAGAGACAACGCCA","IGHV3-48",57.14,62.62,4197.71128906392,"IGH","chr14",106537879,106537900
"131","CCATCTCCAGAGACAACGCCA","IGHV3-74",57.14,62.62,4197.71128906392,"IGH","chr14",106810509,106810530
"132","AGCAGACAAATCGGGGCTTCC","TRBV7-1",57.14,63.52,2874.78167716041,"TRB","chr7",142332572,142332593
"133","CTCCAGATCCATGTCCAAAAAGCAG","IGHVII-53-1",48,62.64,2565.03057074807,"IGH","chr14",106599715,106599740
"134","CTGAGTCAGCATAGTCATTCCAACCA","TRBVB",46.15,63.27,316.00339469702,"TRB","chr7",142711737,142711763
"135","AGAGACAATGCCAAGAACTCCTTGTAT","IGHV3OR16-10",40.74,62.92,3220.00429532069,"IGH","chr16",32995422,32995449
"136","AAAGACAGTGAGCGGCCCTC","IGLV3-27",60,62.97,1048.59942810626,"IGL","chr22",22668668,22668688
"137","ATCAGGGGTCCCATCTCGGT","IGKV1-27",60,62.79,827.316706404263,"IGK","chr2",89213523,89213543
"138","GGGGTCCCTGGTCGCTTC","IGLV8OR8-1",72.22,62.61,1098.10155775752,"IGL","chr8",47202546,47202564
"139","GATAAAGGAAGCATCCCTGATCGATTC","TRBV13",44.44,62.27,647.945123240586,"TRB","chr7",142536170,142536197
"140","AATGATAACACACACTACGCACAGAAG","IGHV1-17",40.74,62.46,676.01127756981,"IGH","chr14",106174448,106174475
"141","TCTCGGGCAGGTTCAGCAG","IGKV2-19",63.16,62.46,989.215678333332,"IGK","chr2",89135074,89135093
"142","CAATGTCTCCAGATTAAACAAACGGGA","TRBV6-1",40.74,62.44,339.464635175221,"TRB","chr7",142328690,142328717
"143","AGTCCCCGATGGCTACGTTG","TRBV10-2",60,62.47,0,"TRB","chr7",142425354,142425374
"144","ATCCGCAGCTCGACGCAG","TRGV10",66.67,63.35,0,"TRG","chr7",38299933,38299951
"145","CACAAGAAGCGATTCTCATCTCAATGC","TRBV23-1",44.44,63.48,109.53682376764,"TRB","chr7",142646357,142646384
"146","CACAAGAAGCGATTCTCATCTCAATGC","TRBV23OR9-2",44.44,63.48,109.53682376764,"TRB","chr9",33638398,33638425
"147","ATCACTGCCAGTCCCGTGAC","IGLV1-62",60,62.68,770.723554968363,"IGL","chr22",22086988,22087008
"148","CAAAGTCGAACGGAAGATATACAGCAA","TRAV10",40.74,62.3,6.80487882136611,"TRA","chr14",21825961,21825988
"149","CCTCAGGTACCAGACGTGATATCCA","IGKV1OR22-1",52,63.72,757.560693468716,"IGK","chr22",16933806,16933831
"150","GCTTCGGCCAATGCAGGGA","IGLV5-45",63.16,63.8,1142.29751834203,"IGL","chr22",22376412,22376431
"151","AATGACAAAAAATCCTACAGCACGTCT","IGHV2OR16-5",37.04,62.39,803.966825757754,"IGH","chr16",32848020,32848047
"152","GTAGTAGTGGTTGTAGCACAAACTACG","IGHV3OR16-12",44.44,62.24,376.461922384525,"IGH","chr16",33803075,33803102
"153","CTGATCTATGAAGTTTCCAACCGGTTC","IGKV2D-26",44.44,62.53,948.844675335577,"IGK","chr2",89986555,89986582
"154","CTGATCTATGAAGTTTCCAACCGGTTC","IGKV2D-29",44.44,62.53,948.844675335577,"IGK","chr2",89948122,89948149
"155","CTGATCTATGAAGTTTCCAACCGGTTC","IGKV2-26",44.44,62.53,1456.31228845112,"IGK","chr2",89196197,89196224
"156","GTAACACCAACTACGCACAGAAATTCC","IGHV1-45",44.44,63.34,359.737123066677,"IGH","chr14",106507098,106507125
"157","TACGCCGCGTCTGTGAAAGG","IGHV3-49",60,63.58,774.0083331239,"IGH","chr14",106557034,106557054
"158","TACGCCGCGTCTGTGAAAGG","IGHV3-72",60,63.58,774.0083331239,"IGH","chr14",106790790,106790810
"159","CCTCCAGAGAAGTTATGTTGATGCAGT","IGKV3OR22-2",44.44,63.42,562.890013451682,"IGK","chr22",16926177,16926204
"160","CTGATCTATGATGCCTCCAGTTTGGAA","IGKV1D-13",44.44,63.28,2339.55529071946,"IGK","chr2",90154427,90154454
"161","CTGATCTATGATGCCTCCAGTTTGGAA","IGKV1-13",44.44,63.28,2339.55529071946,"IGK","chr2",89046109,89046136
"162","CTCCAGATCTATGTCCAAAAACAGCTC","IGHVII-43-1",44.44,62.32,761.627543610089,"IGH","chr14",106472833,106472860
"163","GTACTTTTCAGGGGATCCACTGGTTAA","TRAV8-1",44.44,63.13,460.722626163043,"TRA","chr14",21797748,21797775
"164","GGTACAGCTTGGGGGGTCC","IGHV3-76",68.42,62.5,20.7549468105358,"IGH","chr14",106828101,106828120
"165","AGCTCCTGATCTATACGCTTTCCTATC","IGKV2D-40",44.44,62.29,508.161976036089,"IGK","chr2",89852339,89852366
"166","AGCTCCTGATCTATACGCTTTCCTATC","IGKV2-40",44.44,62.29,508.161976036089,"IGK","chr2",89330240,89330267
"167","GGGGCAGACTACACTCTCACC","IGKV1OR1-1",61.9,62.36,6316.3648963685,"IGK","chr1",144086012,144086033
"168","AAAAAGTGGTCGCTATTCTGTCAACTT","TRDV1",37.04,62.34,115.784379520981,"TRD","chr14",22096505,22096532
"169","CGCTCTGATAGTTATGGTTACCTCCTT","TRAV1-1",44.44,62.62,8.63497016044828,"TRA","chr14",21622487,21622514
"170","CACTCAGACTCCAATAAGGGCCA","IGLV5-52",52.17,62.48,1503.54314956002,"IGL","chr22",22319065,22319088
"171","GCATAGGTCACGAGGGAGCA","IGHVII-51-2",60,62.19,749.814717411612,"IGH","chr14",106584835,106584855
"172","AGTCCATCAGCACCGCCTAC","IGHV5-51",60,62.47,606.421234690819,"IGH","chr14",106578797,106578817
"173","AGAAAATGCCTTCTACATCCACTGGTA","TRGV6",40.74,62.71,1050.16320890741,"TRG","chr7",38340891,38340918
"174","CACCGCAAGGGATGTGTTGG","TRGV3",60,62.37,686.23026388035,"TRG","chr7",38358633,38358653
"175","TGGATCCAATGATACATTAGCCAATGC","IGLVIV-65",40.74,62.46,77.9306166069999,"IGL","chr22",22070608,22070635
"176","TGGTTTCGGGTTTACTGGGTGC","IGHVIII-26-1",54.55,63.81,954.436855424777,"IGH","chr14",106309604,106309626
"177","AATGTCTCCAGATCAAACACAGAGGAT","TRBV6-7",40.74,62.7,1212.57524453534,"TRB","chr7",142488200,142488227
"178","ATTAATGGCCTCACTTGATACCAAAGC","TRAV39",40.74,62.56,318.349762753507,"TRA","chr14",22304455,22304482
"179","GTTCCTAAGCTCCTGATCTATAGTGCA","IGKV1-37",44.44,62.41,1413.86317429001,"IGK","chr2",89297395,89297422
"180","AGTCACCCTCAGCGTCAGTG","IGLV3-15",60,62.32,1303.83501734958,"IGL","chr22",22755568,22755588
"181","GGCTGCCCAATGATCGGTTC","TRBV7-6",60,62.23,1100.90063449368,"TRB","chr7",142492558,142492578
"182","CGATAGCAACCGGCCCTCA","IGLV3-12",63.16,62.6,54.5437546589414,"IGL","chr22",22772438,22772457
"183","CTCATTTGCAGCTTCTAGATTCACCTT","IGHV3-42",40.74,62.28,2219.32392168527,"IGH","chr14",106463469,106463496
"184","TATGACGTCTCCAACTCAAAGGATGTG","TRGV5",44.44,63.39,1672.64739452055,"TRG","chr7",38349480,38349507
"185","TTTATCTCCTGCAGGTCTAGTTAGAGC","IGKV2D-36",44.44,62.35,1874.11284348966,"IGK","chr2",89887035,89887062
"186","CTCCAGAATAAGGATAGAGCGTTTTCC","TRBV25OR9-2",44.44,61.95,155.687460560841,"TRB","chr9",33662574,33662601
"187","GAACAGTGTTCTGATATCGACAAGACC","TRBV8-2",44.44,62.3,68.4952880124996,"TRB","chr7",142386453,142386480
"188","GGAAACTTGCCTAATTGATTCTCAGCT","TRBV5-2",40.74,62.5,332.088275955763,"TRB","chr7",142372809,142372836
"189","ATCGTTTCTCTGTGAACTTCCAGAAAG","TRAV38-1",40.74,62.16,1518.00454065964,"TRA","chr14",22272457,22272484
"190","ATCGTTTCTCTGTGAACTTCCAGAAAG","TRAV38-2DV8",40.74,62.16,1518.00454065964,"TRA","chr14",22281643,22281670
"191","TCCTTCTCCAGAGATTCATCCAAGAAA","IGHVII-44-2",40.74,62.22,1432.80532285724,"IGH","chr14",106494208,106494235
"192","GTCTCCAGAATAAGGACGGAGCATTT","TRBV25-1",46.15,63.33,682.983627046168,"TRB","chr7",142671152,142671178
"193","CTGGACACCTGCCCGGTT","IGLV7-46",66.67,62.47,132.002637909917,"IGL","chr22",22369966,22369984
"194","AAAGACCAACGAATTGCTGTTACATTG","TRAV13-1",37.04,61.94,202.365575183469,"TRA","chr14",21869256,21869283
"195","GACAAACATTTTAAAGAAGCGCTTGGA","TRAV15",37.04,62.14,263.718887845502,"TRA","chr14",21950549,21950576
"196","CAGTGGGTTCGGGGAAAACTTC","IGKV3-31",54.55,62.16,4176.4375012639,"IGK","chr2",89252269,89252291
"197","ATATGGCGTGGTGAAAGTCATCAATAC","IGHV8-51-1",40.74,62.38,301.914677377661,"IGH","chr14",106583619,106583646
"198","GGCTGCCCAGTGATCGCTT","TRBV7-2",63.16,63.49,1067.67400277706,"TRB","chr7",142353243,142353262
"199","CAAAAGTTACAAACGAAGTGGCCTCC","TRAV4",46.15,63.59,556.928172796309,"TRA","chr14",21736862,21736888
"200","AGCCTGAGATCAAGTCCGACTATTAC","IGLVIV-66-1",46.15,62.43,2015.71087107958,"IGL","chr22",22058747,22058773
"201","AGCTCCTGATCTATAGTGCATCCAATT","IGKV1D-37",40.74,62.44,2011.76871352177,"IGK","chr2",89885062,89885089
"202","AGGGCACTGATTTATAGTACAAGCAAC","IGLV7-43",40.74,62.07,255.577402418088,"IGL","chr22",22395333,22395360
"203","GTGTCTGTCTTAATGTCCAGCGTC","IGLVI-68",50,62.17,705.90565297677,"IGL","chr22",22032881,22032905
"204","GAGATCTAACTGAAGGCTACGTGTCT","TRBV22-1",46.15,62.37,470.891636884742,"TRB","chr7",142642083,142642109
"205","TGATGTCAGTAAGCGGCCCTC","IGLV2-11",57.14,62.69,892.863007770592,"IGL","chr22",22792858,22792879
"206","TTGAGTGGATGGAACGTGTTGATCC","IGHV1OR15-6",48,63.79,1753.39080068701,"IGH","chr15",20639600,20639625
"207","CGATTCAGTGGCAGCGGGT","IGKV5-2",63.16,63.46,541.561924385865,"IGK","chr2",88897679,88897698
"208","TGGTAACACCAACTATGCAAAGAAGTT","IGHV1-68",37.04,62.09,663.70970183228,"IGH","chr14",106703950,106703977
"209","CATAGGTCATGAAGGGAGCACACATTA","IGHVII-62-1",44.44,63.27,1380.23582799655,"IGH","chr14",106650631,106650658
"210","CATAGGTCATGAAGGGAGCACACATTA","IGHVII-78-1",44.44,63.27,1380.23582799655,"IGH","chr14",106865738,106865765
"211","CAGTCGGGGGTCCCATCTC","IGKV1OR2-108",68.42,61.95,37.9774527632433,"IGK","chr2",113406747,113406766
"212","TGCTGGTCATCTATCAAGATAGCAAGC","IGLV3-1",44.44,63.56,483.002042150205,"IGL","chr22",22881237,22881264
"213","GTGACAGAACAGTGGCTATGTGTG","IGHV3OR16-16",50,62.36,4156.01640444593,"IGH","chr16",33950306,33950330
"214","TTTCCGGGCTCTCGGGCT","IGLV2-28",66.67,63.93,412.732682206804,"IGL","chr22",22664628,22664646
"215","TTACCAAGCATCCAATAAAGACACTGG","IGKV7-3",40.74,62.24,486.032847437549,"IGK","chr2",88915194,88915221
"216","GCTTTGCAATCAGGGGGTCC","IGKV1D-27",60,62.12,404.270902408121,"IGK","chr2",89969214,89969234
"217","GATCTACGATGCATCCAATTTGGAAAC","IGKV1-33",40.74,61.72,2135.37908786135,"IGK","chr2",89268118,89268145
"218","CATCAACGGTTTTGAGGCTGAATTTAA","TRAV8-6",37.04,61.73,899.832833026629,"TRA","chr14",21979012,21979039
"219","TGGGTCAGGCACATATTTTAAACTCAA","IGKV2-38",37.04,61.93,1850.42628926519,"IGK","chr2",89309966,89309993
"220","CCTGAGACTCTGCCGTGCA","IGHV3-50",63.16,62.44,402.76522150206,"IGH","chr14",106566328,106566347
"221","AGCCGGTTCTCTGGAGTGC","IGKV2-29",63.16,62.46,506.472417855938,"IGK","chr2",89234294,89234313
"222","GGGGTCCCAGACAGGTTCAG","IGKV2OR2-1",65,62.36,5700.45421838315,"IGK","chr2",97046770,97046790
"223","AGCGGAGTTCCTGATCGCT","IGLV4-60",57.89,61.57,0,"IGL","chr22",22162559,22162578
"224","TGTTTTCTTAAACAAAAGTGCCAAGCA","TRAV29DV5",33.33,61.96,6804.48866826133,"TRA","chr14",22163778,22163805
"225","CCATCAAGGTTCAGCGGCAG","IGKV1D-17",60,62.15,5065.60212586684,"IGK","chr2",90083180,90083200
"226","CCATCAAGGTTCAGCGGCAG","IGKV1D-43",60,62.15,5065.60212586684,"IGK","chr2",90210418,90210438
"227","CCATCAAGGTTCAGCGGCAG","IGKV1D-12",60,62.15,5065.60212586684,"IGK","chr2",90160224,90160244
"228","CCATCAAGGTTCAGCGGCAG","IGKV1D-16",60,62.15,5065.60212586684,"IGK","chr2",90100627,90100647
"229","CCATCAAGGTTCAGCGGCAG","IGKV1-5",60,62.15,4083.94781066236,"IGK","chr2",88947391,88947411
"230","CCATCAAGGTTCAGCGGCAG","IGKV1-6",60,62.15,4083.94781066236,"IGK","chr2",88966352,88966372
"231","CCATCAAGGTTCAGCGGCAG","IGKV1-8",60,62.15,4083.94781066236,"IGK","chr2",88992499,88992519
"232","CCATCAAGGTTCAGCGGCAG","IGKV1-9",60,62.15,4083.94781066236,"IGK","chr2",89010072,89010092
"233","CCATCAAGGTTCAGCGGCAG","IGKV1-12",60,62.15,4083.94781066236,"IGK","chr2",89040314,89040334
"234","CCATCAAGGTTCAGCGGCAG","IGKV1-17",60,62.15,4083.94781066236,"IGK","chr2",89117432,89117452
"235","CAGGGCTTCACAGGACGGT","IGHV7-81",63.16,62.4,1468.55597928157,"IGH","chr14",106874674,106874693
"236","CTCCAGAGACAATTCTAAGAGCATGCT","IGHV3-41",44.44,63.25,516.597334789552,"IGH","chr14",106443188,106443215
"237","TTCCTGATGATATTACTGAAGGGTGGA","TRAV30",40.74,61.85,420.441079720867,"TRA","chr14",22168843,22168870
"238","GCCGAGTTCACCAGTCTCCA","IGHV3-29",60,62.33,1284.50798041102,"IGH","chr14",106356319,106356339
"239","GGAAAACTCCTAAGCTCCTGATCTATG","IGKV1OR2-2",44.44,61.48,6680.45205396691,"IGK","chr2",92034660,92034687
"240","GGAAAACTCCTAAGCTCCTGATCTATG","IGKV1OR9-1",44.44,61.48,6680.45205396691,"IGK","chr9",65250665,65250692
"241","GGAAAACTCCTAAGCTCCTGATCTATG","IGKV1OR9-2",44.44,61.48,6680.45205396691,"IGK","chr9",40641962,40641989
"242","CCACATACGAGCAAGGCGTC","TRBV20-1",60,61.92,34.4610404940577,"TRB","chr7",142627272,142627292
"243","GCCAAAGGAACGATTTTCTGCTGAAT","TRBV18",42.31,63.46,512.216341366658,"TRB","chr7",142616304,142616330
"244","GGCAGTAAGCGGCCCTCA","IGLV2-23",66.67,62.6,628.761802117547,"IGL","chr22",22698280,22698298
"245","GACGGGATCCCTGATCGCTT","IGLV4-69",60,62.26,806.291125002615,"IGL","chr22",22031350,22031370
"246","AAGGAAAACTCCTAAGCTCCTGATCTA","IGKV1OR-3",40.74,61.79,6807.41606881912,"IGK","chr9",65771266,65771293
"247","TGATCTATGAGGATAACCAAAGACCCT","IGLV6-57",40.74,61.63,61.6252355307885,"IGL","chr22",22196122,22196149
"248","CATCTATAGTAATAATCAGCGGCCCTC","IGLV1-47",44.44,61.47,0,"IGL","chr22",22358109,22358136
"249","CATCTATAGTAATAATCAGCGGCCCTC","IGLV1-44",44.44,61.47,0,"IGL","chr22",22381194,22381221
"250","GCAAAGCCTGCGTGGTCC","IGHV3-25",66.67,62.54,2138.17765254398,"IGH","chr14",106289270,106289288
"251","TTTATAAGGTTTCTAACCGGGACTCTG","IGKV2-30",40.74,61.11,477.402125595439,"IGK","chr2",89244896,89244923
"252","AGCTCCTGATTTATAGGGTTTCCAATC","IGKV2-18",40.74,61.45,973.060809232321,"IGK","chr2",89128830,89128857
"253","CGCTGCACCCGTGAAAGG","IGHV3-15",66.67,62.22,10.0646584758895,"IGH","chr14",106153720,106153738
"254","CAATCTATTTGGTTTCCAATCACGACC","IGKV2-10",40.74,61.62,689.524083619637,"IGK","chr2",89020111,89020138
"255","CAGGGAAGTATTATACTTACGCAAGCA","TRGV2",40.74,61.69,10.9439874591198,"TRG","chr7",38362943,38362970
"256","CAGTACCAAAACATTGCAGTTGATTCA","TRBV17",37.04,61.68,637.506576803089,"TRB","chr7",142602220,142602247
"257","ACTACATCACAAACAGTGCTTATGACT","IGHVII-74-1",37.04,61.48,482.959969915698,"IGH","chr14",106821294,106821321
"258","CCATTTTTGTGACCATCACTGTGCTA","IGLVI-63",42.31,62.7,2362.11629748126,"IGL","chr22",22080148,22080174
"259","CTGATTTACAATGTCAATACTCGGCCT","IGLV2-33",40.74,62.12,16.6695492420538,"IGL","chr22",22588535,22588562
"260","AGAAAGGAGATATAGCTGAAGGGTACA","TRBV19",40.74,61.4,496.197534405125,"TRB","chr7",142619411,142619438
"261","CTATCAAGAGTGACAGTTCCTTCCACC","TRAV18",48.15,63.4,904.642233917834,"TRA","chr14",22003588,22003615
"262","ACCAACGGCTTCACAGGACG","IGHV7-40",60,63.5,177.813658565411,"IGH","chr14",106425454,106425474
"263","AGATCCAGAACTGATTCTTGAGTGATC","IGLVI-38",40.74,61.16,155.203606709876,"IGL","chr22",22426155,22426182
"264","AGCCATGTACCGTAAAGAAACCACTT","TRAV9-1",42.31,63.4,318.469511577496,"TRA","chr14",21811884,21811910
"265","TGCTTCTCCATTACAACCAGTGCTT","IGHVII-22-1",44,63.49,2247.79836029467,"IGH","chr14",106263556,106263581
"266","AAAGGAGAGATCTCTGATGGATACAGT","TRBV24-1",40.74,61.4,1062.79882949643,"TRB","chr7",142657093,142657120
"267","CCAGTCAGAAATCTTCCAACTTGCA","TRGV7",44,62.25,3350.40179662693,"TRG","chr7",38335325,38335350
"268","CTCCGTGAAGCGCCGATTC","IGHV3-16",63.16,62.01,0,"IGH","chr14",106165294,106165313
"269","TCTCCAGTTCCCTAATTATAGCTCTGA","TRBV5-4",40.74,61.18,460.573626030197,"TRB","chr7",142463492,142463519
"270","CATCTCCAGATCCATGTCCAAAAAGTA","IGHVII-33-1",40.74,61.6,2013.24048573344,"IGH","chr14",106367453,106367480
"271","CATCTCCAGATCCATGTCCAAAAAGTA","IGHVII-30-1",40.74,61.6,2013.24048573344,"IGH","chr14",106342742,106342769
"272","GGTGCAGCTGCAGGAGTGG","IGHV4-80",68.42,64.06,4753.79175803666,"IGH","chr14",106873025,106873044
"273","GGTAACACAACATATGCACAGAAGTTC","IGHV1OR15-4",40.74,61.56,1803.90277475663,"IGH","chr15",22194986,22195013
"274","GATTCCCTGGCTCCCGGTT","IGLV10-67",63.16,62.2,606.062627987768,"IGL","chr22",22043803,22043822
"275","CAACAATCGATTCTTAGCTGAAAGGAC","TRBV14",40.74,61.4,228.002041815287,"TRB","chr7",142588251,142588278
"276","AGCTCGCCAGTTCCCTAACTATAG","TRBV5-5",50,62.05,1365.66485390792,"TRB","chr7",142482927,142482951
"277","CACATACTATGCAGACTCCGTGAAG","IGHV3OR16-11",48,61.75,3956.57808752403,"IGH","chr16",33858996,33859021
"278","GGAGACCTCAAGTAACACAGCGTTT","IGLV11-55",48,63.71,613.721493805191,"IGL","chr22",22202064,22202089
"279","GCTCCTCATCTATGATGCATCCAAC","IGKV3D-11",48,62.12,2982.67231574063,"IGK","chr2",90173261,90173286
"280","GCTCCTCATCTATGATGCATCCAAC","IGKV3-11",48,62.12,2982.67231574064,"IGK","chr2",89027296,89027321
"281","GGACACCTGGCAGTCGGT","IGLVVI-25-1",66.67,62.14,565.83760744811,"IGL","chr22",22679141,22679159
"282","GAGGAGTCAATCTTCCTTCAATCTGAG","TRAV8-3",44.44,61.64,877.976778015281,"TRA","chr14",21852925,21852952
"283","CGTGCTGGTCATCTATGATAGCAGTG","IGLV3-32",50,63.91,273.992739220927,"IGL","chr22",22594894,22594920
"284","AGCTAACAGTTACACGACAGAATATGC","IGHV3OR15-7",40.74,62.09,67.4242358295797,"IGH","chr15",19987769,19987796
"285","GTCAGACAGAGAAATACTACAGACCAG","IGHVIII-13-1",44.44,61.15,1705.97085055727,"IGH","chr14",106142530,106142557
"286","ACTCGCCTTCAGTACAAAGAAGATTAA","IGHVIII-38-1",37.04,61.27,523.017415658799,"IGH","chr14",106418104,106418131
"287","AAGTGGGAGTTCTCAGAGTTACTCTCC","IGHV3-57",48.15,63.83,3815.07797363349,"IGH","chr14",106619016,106619043
"288","AAGTGGGAGTTCTCAGAGTTACTCTCC","IGHVIII-16-1",48.15,63.83,3815.07797363349,"IGH","chr14",106170853,106170880
"289","GTCACCATAACCGCGGACAC","IGHV1-69-2",60,61.85,0.361662899011433,"IGH","chr14",106737184,106737204
"290","AGGGACACGTCCACGAGC","IGHV1-14",66.67,62.18,367.946752269283,"IGH","chr14",106145946,106145964
"291","AGGGACACGTCCACGAGC","IGHV1-46",66.67,62.18,367.946752269283,"IGH","chr14",106511179,106511197
"292","AAGCTGAAGAGACTAACCTTTCAGTTT","TRAV27",37.04,61.38,188.509115539979,"TRA","chr14",22148527,22148554
"293","CCAAACCTAACATTCTCAACTCTGACT","TRBV29-1",40.74,61.7,748.58964619802,"TRB","chr7",142740814,142740841
"294","CCAAACCTAACATTCTCAACTCTGACT","TRBV29OR9-2",40.74,61.7,748.58964619802,"TRB","chr9",33786748,33786775
"295","CAGAGTACGTGATTCATGGTCTTACAA","TRAV26-2",40.74,61.57,24.8016257338224,"TRA","chr14",22203222,22203249
"296","CATCCATCACCCCCCGCA","IGHVII-65-1",66.67,62.32,697.165263783237,"IGH","chr14",106671940,106671958
"297","GATGATGGAAGTCAGATACACCATGCA","IGHV3-32",44.44,63.52,2342.09402895174,"IGH","chr14",106331220,106331247
"298","GTGACATTGATATTGCAAAGAACCTGG","TRDV2",40.74,61.84,521.293041961689,"TRD","chr14",22422950,22422977
"299","CTTATTCGTCGGAACTCTTTTGATGAG","TRAV19",40.74,60.98,62.5071081084982,"TRA","chr14",22008032,22008059
"300","GTCATGAAAAGATAACTGCCAAGTTGG","TRAV34",40.74,61.78,491.66862649469,"TRA","chr14",22208021,22208048
"301","TCCTTCTGAAATACATCACAGGGGATA","TRAV3",40.74,61.85,161.959212671196,"TRA","chr14",21724171,21724198
"302","GCCACTCTTAATACCAAGGAGGGTTAC","TRAV24",48.15,63.48,193.649932421539,"TRA","chr14",22105758,22105785
"303","CCCCTGTACTTGTCATCTATGGTAAAA","IGLV3-19",40.74,61.12,504.016723711832,"IGL","chr22",22720989,22721016
"304","GCTAAAAGCCACATTAACAAAGAAGGA","TRAV20",37.04,61.26,1124.23375411503,"TRA","chr14",22041061,22041088
"305","TAGGATCACCTGTAGGGAAAACAGTAT","IGLV3-24",40.74,61.57,603.942919810391,"IGL","chr22",22694839,22694866
"306","CACAGGTCGATAAATCCAGCAAGTAT","TRAV12-3",42.31,61.71,109.635790903579,"TRA","chr14",21965971,21965997
"307","GGGTCCCAGTTATTAGTGGTAGTGGTA","IGHV3-6",48.15,63.7,225.80555929729,"IGH","chr14",106055673,106055700
"308","ATTCGTTCAAATATGGACAAAAGGCAA","TRAV13-2",33.33,61.27,1312.17183303344,"TRA","chr14",21918623,21918650
"309","AAAGTGTGACGGAAGTGAGAAATACTA","IGHV3-52",37.04,61,878.314015730063,"IGH","chr14",106586492,106586519
"310","GTCTTTGACCTTAATTCAATCAAGCCA","TRAV11",37.04,61.05,362.313767726476,"TRA","chr14",21829928,21829955
"311","GGTCATCTAACTTAACAGTGTCCAGTC","IGLV3-31",44.44,61.79,463.221301589099,"IGL","chr22",22605029,22605056
"312","CGACTGTCGCTACGGAACG","TRAV22",63.16,61.34,0,"TRA","chr14",22071121,22071140
"313","CTGGTGATATATAAAGACAGCGAGAGG","IGLV3-16",44.44,61.36,695.551053323615,"IGL","chr22",22747763,22747790
"314","GCTCCTGATCTACGATGCATCCAATT","IGKV1D-33",46.15,63.7,2950.84659522145,"IGK","chr2",89914394,89914420
"315","GCTCCTGATCTACGATGCATCCAATT","IGKV1D-32",46.15,63.7,2950.84659522145,"IGK","chr2",89928741,89928767
"316","GCTCCTGATCTACGATGCATCCAATT","IGKV1-32",46.15,63.7,2950.84659522145,"IGK","chr2",89253669,89253695
"317","GAGTGATCAAGTATGAATTCTCAGGGT","IGHVIII-2-1",40.74,61.16,926.938098856167,"IGH","chr14",106001649,106001676
"318","GGATAGGATACCTGAAACGTCTACATC","TRGV9",44.44,61.1,171.796359329884,"TRG","chr7",38317083,38317110
"319","CCTGATGGATCATTCTCTACTCTGAAG","TRBV12-2",44.44,61.05,521.595732432397,"TRB","chr7",142441242,142441269
"320","GAATGGGTCTCATACATTAGTGCTAGT","IGHV3-37",40.74,61,136.018927383842,"IGH","chr14",106396786,106396813
"321","TGATGTTGGGAGTTATGACTATGTCTC","IGLV2-5",40.74,60.95,404.792227928568,"IGL","chr22",22856842,22856869
"322","GGCTCCGAGGTCACATACGA","TRBV20OR9-2",60,61.89,206.713547081697,"TRB","chr9",33618371,33618391
"323","TCGAATCACCATGTCCGTAGACA","IGHV4-55",47.83,61.95,247.468312276545,"IGH","chr14",106606191,106606214
"324","TGCTTCTCCATCACAACCAGTG","IGHVII-49-1",50,61.33,5188.42188441285,"IGH","chr14",106564529,106564551
"325","CCATCAAAGTTCAGCGGCAGT","IGKV1-16",52.38,61.99,4708.40422166976,"IGK","chr2",89099948,89099969
"326","GCTGCTGGTACTACTGACAAAGAAGTC","TRBV6-8",48.15,64.04,841.819556328376,"TRB","chr7",142507676,142507703
"327","GGAAAGCACCTAAGTTCCTGACCTATA","IGKV1OR2-3",44.44,62.53,910.655379005327,"IGK","chr2",97060249,97060276
"328","GGCCACAGTATATCATTCATGGTCTAA","TRAV26-1",40.74,61.27,84.6077611291345,"TRA","chr14",22124135,22124162
"329","CCTTCCAGGATGAAACTCAACAAGATA","TRBV7-5",40.74,61.55,809.686316660022,"TRB","chr7",142474421,142474448
"330","CACGATTACCGCGGACGAAT","IGHV1-69D",55,61.36,0,"IGH","chr14",106762164,106762184
"331","AAAAAAGAAGACTAAAATCCGCAGTCA","TRAV28",33.33,60.73,18.0351572146159,"TRA","chr14",22155532,22155559
"332","GAGATGTCTCTGAGAGGTATCATGTTT","TRBV26OR9-2",40.74,60.73,588.054674420594,"TRB","chr9",33695946,33695973
"333","AAGCATGGAAGATTAATTGCCACAATA","TRAV41",33.33,60.68,302.871965652936,"TRA","chr14",22320583,22320610
"334","AACTCCTATCCTACAGGAATAACAACC","IGLV10-54",40.74,60.68,223.935888528951,"IGL","chr22",22215111,22215138
"335","GCAGAAAGGAAGACTAAATGCTACATT","TRAV7",37.04,60.67,1042.631951194,"TRA","chr14",21783399,21783426
"336","AATCTGGGGTCCCGTCACG","IGKV1-22",63.16,62.17,497.4649340932,"IGK","chr2",89170851,89170870
"337","CTGGAGTGGGTTGGCCGTAT","IGHV3OR16-7",60,62.43,2841.2168775371,"IGH","chr16",33938486,33938506
"338","ATCAGGAATCAGTCGAGAAAAGTATCA","TRGV8",37.04,60.68,319.977185846824,"TRG","chr7",38330436,38330463
"339","ATTTATTGGGATGATGATAAGCGCTAC","IGHV2-5",37.04,60.46,164.202823479577,"IGH","chr14",106038019,106038046
"340","AGAAAGCAGAAATAATCAATGAGCGAT","TRBV21-1",33.33,60.51,402.814005354827,"TRB","chr7",142637260,142637287
"341","AGAAAGCAGAAATAATCAATGAGCGAT","TRBV21OR9-2",33.33,60.51,402.814005354827,"TRB","chr9",33629464,33629491
"342","GCCTGATGGATCAAATTTCACTCTGA","TRBV2",42.31,62.1,325.874519835025,"TRB","chr7",142301348,142301374
"343","GGCGTCCATGCTGATTTCTATTGGATA","IGLVIVOR22-2",44.44,63.84,889.313597106997,"IGL","chr22",32376934,32376961
"344","CTCAGGCCTGAATCGGTACCT","IGLV9-49",57.14,61.82,1158.47391826433,"IGL","chr22",22343629,22343650
"345","ACAGTGTGATGGAAGTCAGATATGTTA","IGHV3-30-2",37.04,60.62,802.792556982923,"IGH","chr14",106344503,106344530
"346","ACAGTGTGATGGAAGTCAGATATGTTA","IGHV3-33-2",37.04,60.62,802.792556982923,"IGH","chr14",106369216,106369243
"347","TTTGAAGCTGAATTTAAGAGGAGTCAA","TRAV8-5",33.33,60.03,427.57135633245,"TRA","chr14",21904500,21904527
"348","GCTCACTGTACTGTTGAATAAAAATGC","TRAV32",37.04,60.45,897.952779809752,"TRA","chr14",22185959,22185986
"349","CATCAGGGTTATTCTAAGTCAAATGCA","TRAV33",37.04,60.46,107.359753057055,"TRA","chr14",22190589,22190616
"350","TGATACAAATGCTATCAACTGTGAGAG","TRAV37",37.04,60.03,151.59038062057,"TRA","chr14",22266123,22266150
"351","CTGAGACTGATCTATTACTCAAGGGTT","TRBV22OR9-2",40.74,60.46,342.138835074305,"TRB","chr9",33634142,33634169
"352","CCCTGTCTCTATTTGATCATCCATTTT","TRBV26",37.04,60.03,394.846265369758,"TRB","chr7",142695849,142695876
"353","GCCGACTCATTATTCAGTTAACATTGA","TRBVA",37.04,60.72,310.831718298626,"TRB","chr7",142681722,142681749
"354","GACCAAAGACTCACTGTTCTATTGAAT","TRAV5",37.04,60.14,781.479462407612,"TRA","chr14",21749599,21749626
"355","CTTTGATACCACCCTTAAACAGAGTTT","TRAV6",37.04,60.3,424.373075922178,"TRA","chr14",21768994,21769021
"356","TGTTCATATACTCCAATGGTGACAAAG","TRAV12-2",37.04,60.19,1207.82104611349,"TRA","chr14",21888367,21888394
"357","CATTTCAGTTTGGAGAAGCAAAAAAGA","TRAV25",33.33,60.24,1388.78383832789,"TRA","chr14",22112942,22112969
"358","TGCTAACTTCAAGTGGAATTGAAAAGA","TRAV36DV7",33.33,60.46,909.306494434258,"TRA","chr14",22227119,22227146
"359","GGAGGCGGAAATATTAAAGACAAAAAC","TRAV40",37.04,60.24,54.7938183881954,"TRA","chr14",22314827,22314854
"360","GATGGCTACAATGTCTCCAGATTAAAA","TRBV6-2",37.04,60.24,1476.83736424656,"TRB","chr7",142349560,142349587
"361","CCATTATTCAAATACTGCAGGTACCAC","TRBV6-4",40.74,60.99,288.824482652037,"TRB","chr7",142381111,142381138
"362","CAATTATGAAGCTCAACCAGACAAATC","TRBV7-7",37.04,60.03,372.959170363522,"TRB","chr7",142511983,142512010
"363","CTTACTTCCAGAATGAAGCTCAACTAG","TRBV7-9",40.74,60.24,1245.48592400523,"TRB","chr7",142529611,142529638
"364","TGGTGTTAAAGATACTGACAAAGGAGA","TRBV10-3",37.04,60.73,373.630061721491,"TRB","chr7",142544547,142544574
"365","AGGGCATTTGCAATTATTTAAGCTAGT","IGKV1D-22",33.33,60.68,1517.15416015573,"IGK","chr2",90010998,90011025
"366","GCTCCTGATATATAGGGTATCCAGTTT","IGKV1OR2-6",40.74,60.19,215.388657609159,"IGK","chr2",97355192,97355219
"367","TGATTTATAGGGTTTCCAGTCGTTTTT","IGKV2D-18",33.33,60.08,348.975227939822,"IGK","chr2",90053212,90053239
"368","GCCTGATTTATGAAGTTTCTAACAGGA","IGKV2D-19",37.04,60.19,561.810094186046,"IGK","chr2",90046923,90046950
"369","ACCTTTTACATGGTAATGGATACACCT","IGKV2D-23",37.04,60.85,787.541661791328,"IGK","chr2",90009495,90009522
"370","AGCTCCTGATCTATTTTGTTTCAAACC","IGKV2OR2-2",37.04,60.84,794.572744683335,"IGK","chr2",97050875,97050902
"371","AGCTCCTGATCTATTTTGTTTCAAACC","IGKV2OR2-8",37.04,60.84,794.572744683335,"IGK","chr2",97376820,97376847
"372","GTGGATTTGATCTAGATTGCACAATTG","IGKV3D-34",37.04,60.08,506.790154301623,"IGK","chr2",89906939,89906966
"373","GAGAGGACTTAGAAAGCTATTATGCAC","IGLV3-4",40.74,60.14,207.433926152847,"IGL","chr22",22858092,22858119
"374","CCTCATCCTCATAATTAACTCTCCTGT","IGLV3-26",40.74,60.52,431.389042526396,"IGL","chr22",22673298,22673325
"375","TCACCTGTAGGGGAAATAATATTGGAA","IGLV3-29",37.04,60.41,1725.12489917709,"IGL","chr22",22661355,22661382
"376","TCCAACAATGTAAATGTTTGCATTTCC","IGLVIV-53",33.33,60.56,470.645729618448,"IGL","chr22",22219780,22219807
"377","AGTATCTCCTGATCTACCTCTCAAAAG","IGLVIV-59",40.74,60.03,320.9790427219,"IGL","chr22",22179302,22179329
"378","CTAAGCTCTTCCTCTATGATGCAAAAG","IGKV1D-42",40.74,60.56,393.682131167805,"IGK","chr2",90190524,90190551
"379","GCTCCTGATCTATTTGGGTTCTAATCG","IGKV2D-28",44.44,62,721.702313245966,"IGK","chr2",89960597,89960624
"380","AGGCGCCTAATTTATAAGGTTTCTAAC","IGKV2D-30",37.04,60.3,524.380606825817,"IGK","chr2",89937526,89937553
"381","TTTATGACAATAATAAGCGACCCTCAG","IGLV1-51",37.04,60.08,232.222461089245,"IGL","chr22",22322818,22322845
"382","AGTATTATACTCATACACCGAGGAGGT","TRGV5P",40.74,61.01,661.753127297134,"TRG","chr7",38345103,38345130
"383","AAAGCAGATAAAATCATAGCCAAGGAT","TRGVA",33.33,60.03,356.081925650754,"TRG","chr7",38322523,38322550
"384","CAAATATCACTTCAATAACAAGCCCCA","TRGVB",37.04,60.89,554.415990465628,"TRG","chr7",38295895,38295922
"385","TTGAGGTAAGTAAAAATGCTCACACTT","TRGV11",33.33,60.24,504.967873328753,"TRG","chr7",38291692,38291719
"386","ACACTTACAATGGTAACACAAACTACC","IGHV1OR15-2",37.04,60.51,430.077834411223,"IGH","chr15",19972896,19972923
"387","TCATTTATGAGTTGTTGTGTAGGTAGC","IGHV3-36",37.04,60.19,283.89265209199,"IGH","chr14",106392890,106392917
"388","GTCTCATGTATTAGTACTGATGGGAGT","IGHV3-75",40.74,60.3,236.507049920416,"IGH","chr14",106823806,106823833
"389","GCCCTCTGGGAAGGCGCT","IGHVII-1-1",72.22,65.01,2373.3991280303,"IGH","chr14",105945355,105945373
"390","GGATTTCCAATCATAACCAGTACTTCC","IGHVII-15-1",40.74,60.51,844.506054360152,"IGH","chr14",106163729,106163756
"391","ACACTTTACAGACACCATCAATTTTCC","IGHVIII-44",37.04,61,1780.96147760128,"IGH","chr14",106478118,106478145
"392","ACCCTCCATCAATACAAAGAAAAATCA","IGHVIII-76-1",33.33,60.08,906.914177102628,"IGH","chr14",106831851,106831878
"393","GTGATATGGGTTAAGGGAAACACTAAG","IGHVIV-44-1",40.74,60.24,400.521233836893,"IGH","chr14",106489456,106489483
"394","CTAACAAATTCTATGGAGTCCCAAACA","IGKV2-4",37.04,60.14,702.448547597097,"IGK","chr2",88931754,88931781
"395","AGCTCCTGATCTATTTTGTTTCAAACC","IGKV2OR2-10",37.04,60.84,1228.71281384621,"IGK","chr2",97331658,97331685
"396","GTGGATTTGATCTAGATTGCACAATTG","IGKV3-34",37.04,60.08,506.790154301623,"IGK","chr2",89275579,89275606
"397","CGCTTACAATGGTAACACAAACTATGC","IGHV1-18",40.74,62.07,390.086349038629,"IGH","chr14",106185012,106185039
"398","TGGGATGATGATAAATACTACAGCACA","IGHV2-70",37.04,60.74,373.25497946749,"IGH","chr14",106770688,106770715
"399","TTGGGATGATGATAAATTCTACAGCAC","IGHV2-70D",37.04,60.3,431.727752406082,"IGH","chr14",106723686,106723713
"400","CTATTATAGTGGGAGCACCTACTACAA","IGHV4-28",40.74,60.08,1510.38776269822,"IGH","chr14",106324367,106324394
"401","GTCCAAGTGGTATAATGATTATGCAGT","IGHV6-1",37.04,60.08,25.3899618137216,"IGH","chr14",105939864,105939891
"402","GCTCCTGATCTATTTGGGTTCTAATCG","IGKV2-28",44.44,62,721.702313245966,"IGK","chr2",89221821,89221848
"403","AGGGCCACTAGCATCCCAG","IGKV3-7",63.16,61.6,970.728736612037,"IGK","chr2",88978574,88978593
"404","ACGGCCCTGTGTGACGCA","IGKV2-23",66.67,65.09,488.176808676614,"IGK","chr2",89172155,89172173
"405","TAGACTGGATCATCAAGGAATACACAT","IGHVII-26-2",37.04,60.24,158.75944211618,"IGH","chr14",106314764,106314791
"406","GCACAAGCTACGCAGACTCC","IGHV3OR16-13",60,61.85,765.962672837859,"IGH","chr16",33827534,33827554
"407","GGTGACCCATACTATCCAGGCT","IGHV3-13",54.55,61.56,841.091380044432,"IGH","chr14",106129648,106129670
"408","AGCATGACCAAAGGCGGTG","TRBV8-1",57.89,61.48,819.647960220237,"TRB","chr7",142358794,142358813
"409","GCAACCGGGCTCCTCTAGA","TRBV12-5",63.16,61.57,0,"TRB","chr7",142581285,142581304
"410","ATGCTGCGTCGGTGAAAGG","IGHV3-73",57.89,61.53,241.289475618616,"IGH","chr14",106802790,106802809
"411","TGGCATCCCAGACAGGTTCA","IGKV3D-20",55,61.66,4325.50184200204,"IGK","chr2",90039361,90039381
"412","CCAGGTTCAGTGGCAGTGG","IGKV3D-7",63.16,61.11,6228.25938943792,"IGK","chr2",90235261,90235280
"413","CCAGGTTCAGTGGCAGTGG","IGKV3D-15",63.16,61.11,6228.25938943792,"IGK","chr2",90115293,90115312
"414","CCAGGTTCAGTGGCAGTGG","IGKV3OR2-268",63.16,61.11,6228.25938943792,"IGK","chr2",87338926,87338945
"415","CCAGGTTCAGTGGCAGTGG","IGKV3-15",63.16,61.11,6673.84038940799,"IGK","chr2",89085264,89085283
"416","CTCCTTCGCGGTTCGGTG","IGKV1D-35",66.67,61.3,453.515055731551,"IGK","chr2",89895675,89895693
"417","CTCCTTCGCGGTTCGGTG","IGKV1-35",66.67,61.3,453.515055731551,"IGK","chr2",89286790,89286808
"418","GGTTTTGAACCGGGCCTCT","IGKV2OR22-3",57.89,60.74,358.836031701653,"IGK","chr22",16921561,16921580
"419","CAGCAAACGACCCTCCGGGA","IGLV3-10",65,65.1,125.100607604451,"IGL","chr22",22812140,22812160
"420","CCTTCCAAGGCCACGTCA","IGHV5-78",61.11,60.08,200.960896847193,"IGH","chr14",106851201,106851219
"421","CCTTCCAAGGCCACGTCA","IGHV5-10-1",61.11,60.08,200.960896847193,"IGH","chr14",106108062,106108080
"422","GTTTCCAACCGGGCCTCT","IGKV2OR22-4",61.11,60.07,489.64109667768,"IGK","chr22",16914353,16914371
"423","AACCAGGGACACATCCATGG","IGHV1OR15-9",55,60.19,2368.46039396571,"IGH","chr15",19964732,19964752
"424","TAGTGATGGCAGCACAAGCT","IGHV1OR21-1",50,60.19,3316.56593910194,"IGH","chr21",10649517,10649537
"425","CCACTGGCATCCCAGACAG","IGKV3-20",63.16,60.59,6055.97312242045,"IGK","chr2",89142676,89142695
"426","GGATCCCCAGCTGCTCAAG","IGKV3OR2-5",63.16,60.66,1966.70530345085,"IGK","chr2",97349017,97349036
"427","CCGTCTGTCTGTGGCTAAACC","IGLVI-42",57.14,61.45,1285.10189210948,"IGL","chr22",22397224,22397245
"428","TGGGGTCCCAGACAGATTCA","IGKV2D-24",55,60.71,4094.6868216165,"IGK","chr2",90005511,90005531
"429","TGGGGTCCCAGACAGATTCA","IGKV2-24",55,60.71,4094.6868216165,"IGK","chr2",89176425,89176445
"430","AGGGACAACAGTCACGTTGAC","IGLV3-25",52.38,60.98,1450.1971410244,"IGL","chr22",22687188,22687209
"431","CACGATTACCGCGGACAAATC","IGHV1-69",52.38,60.5,62.5128045050538,"IGH","chr14",106714753,106714774
"432","GGGGTCCCATCAAGGTTCAG","IGKV1-39",60,60.55,5879.18069539123,"IGK","chr2",89319721,89319741
"433","CCAGTTTGCAAAGTGGGGTC","IGKV1D-39",55,60.12,5986.09478902578,"IGK","chr2",89862848,89862868
"434","CTCTCGGTTCAGTGACAGTGG","IGKV1OR-2",57.14,60.84,5714.90563396087,"IGK","chr9",64765143,64765164
"435","CTCTCGGTTCAGTGACAGTGG","IGKV1OR2-118",57.14,60.84,5714.90563396087,"IGK","chr2",90315455,90315476
"436","GCTTACACAGCCACCCTCA","IGLV3-6",57.89,60.13,3017.60035054509,"IGL","chr22",22850380,22850399
"437","GTGGTTACACAAACTACGCAGAC","IGHV3OR16-9",47.83,60.56,1102.29833108199,"IGH","chr16",32066227,32066250
"438","TCTGACTCCATATCAGAGAACATGG","IGLV3-7",44,60.22,775.805470029116,"IGL","chr22",22838785,22838810
"439","AGGGATCCCTGACCGCTT","IGLVI-70",61.11,60.48,0,"IGL","chr22",22026427,22026445
"440","GGGATCCCCGATCGCTTC","IGLV4-3",66.67,60.16,0,"IGL","chr22",22871901,22871919
"441","CGGTAAGACGCACTATGTGGA","IGHV3OR16-15",52.38,60.37,1638.08071213329,"IGH","chr16",32903764,32903785
"442","TCGAATGACGAAAAATCCTACAGC","IGHV2-26",41.67,60.18,661.212473948683,"IGH","chr14",106301509,106301533
"443","GATGCCCCTGAAAATGCAGG","IGLVIVOR22-1",55,60.05,1375.8665278652,"IGL","chr22",25437410,25437430
"444","CTGTGGACAGTCAGCAAGGGTAACC","IGLV3-17",56,65.74,4832.44853206887,"IGL","chr22",22738941,22738966
